{
  "format_version": "1.8.0",
  "geometry.zombie.v1.8": {
    "visible_bounds_width": 2,
    "visible_bounds_height": 2,
    "visible_bounds_offset": [
      0,
      1,
      0
    ],
    "texturewidth": 64,
    "textureheight": 32,
    "bones": [
      {
        "name": "body",
        "pivot": [
          0,
          24,
          0
        ],
        "cubes": [
          {
            "origin": [
              -4,
              12,
              -2
            ],
            "size": [
              8,
              12,
              4
            ],
            "uv": [
              16,
              16
            ]
          }
        ],
        "parent": "waist"
      },
      {
        "name": "waist",
        "neverRender": true,
        "pivot": [
          0,
          12,
          0
        ]
      },
      {
        "name": "head",
        "pivot": [
          0,
          24,
          0
        ],
        "cubes": [
          {
            "origin": [
              -4,
              24,
              -4
            ],
            "size": [
              8,
              8,
              8
            ],
            "uv": [
              0,
              0
            ]
          }
        ],
        "parent": "body"
      },
      {
        "name": "hat",
        "pivot": [
          0,
          24,
          0
        ],
        "cubes": [
          {
            "origin": [
              -4,
              24,
              -4
            ],
            "size": [
              8,
              8,
              8
            ],
            "uv": [
              32,
              0
            ],
            "inflate": 0.5
          }
        ],
        "neverRender": true,
        "parent": "head"
      },
      {
        "name": "rightArm",
        "pivot": [
          -5,
          22,
          0
        ],
        "cubes": [
          {
            "origin": [
              -8,
              12,
              -2
            ],
            "size": [
              4,
              12,
              4
            ],
            "uv": [
              40,
              16
            ]
          }
        ],
        "parent": "body"
      },
      {
        "name": "rightItem",
        "pivot": [
          -6,
          15,
          1
        ],
        "neverRender": true,
        "parent": "rightArm"
      },
      {
        "name": "leftArm",
        "pivot": [
          5,
          22,
          0
        ],
        "cubes": [
          {
            "origin": [
              4,
              12,
              -2
            ],
            "size": [
              4,
              12,
              4
            ],
            "uv": [
              40,
              16
            ]
          }
        ],
        "mirror": true,
        "parent": "body"
      },
      {
        "name": "rightLeg",
        "pivot": [
          -1.9,
          12,
          0
        ],
        "cubes": [
          {
            "origin": [
              -3.9,
              0,
              -2
            ],
            "size": [
              4,
              12,
              4
            ],
            "uv": [
              0,
              16
            ]
          }
        ],
        "parent": "body"
      },
      {
        "name": "leftLeg",
        "pivot": [
          1.9,
          12,
          0
        ],
        "cubes": [
          {
            "origin": [
              -0.1,
              0,
              -2
            ],
            "size": [
              4,
              12,
              4
            ],
            "uv": [
              0,
              16
            ]
          }
        ],
        "mirror": true,
        "parent": "body"
      }
    ]
  }
}